post_id,title,selftext,author,score,upvote_ratio,num_comments,created_utc,created_datetime,subreddit,permalink,month,year,text_full,engagement_metric
1gwy9gz,"My boss confronted me about only working 7 hours and 45 minutes a day, what do I do?","Hey all, Today, my boss called me into his office and confronted me about the fact that I take a 45 minute lunch when I should only be taking 30 minutes. I work in an engineering office and we can take as long a lunch as we want whenever we want, as long as we are working 8 hours a day. I get in at about 7:30 and leave at 4 everyday, which totals 8 hours and 30 minutes, and each day I take around 45 minutes to eat lunch. So technically I come 15 minutes short everyday. Some ask why I don’t just take an hour lunch like most of my coworkers, but I don’t need a full hour, so why would I want to leave later? I get all my work done on time or early, and I often find myself with no work to do. The whistleblower that told my boss about this is an older lady that can’t get her work done in 8 hours because she’s bad with computers. She was upset that I get to work after her and leave before her. My boss said we would discuss this tomorrow, and I don’t know what to say. Fact is, this whole situation is about office politics. I’m a salaried employee and if I don’t get paid to work overtime, I’m not gonna waste my time when I finish early. How can I tell my boss this without coming off as arrogant or entitled?",shielaread,3382.0,0.8799999952316284,2314.0,1732245402,2024-11-21 21:16:42,careeradvice,https://www.reddit.com/r/careeradvice/comments/1gwy9gz/my_boss_confronted_me_about_only_working_7_hours/,11.0,2024.0,"My boss confronted me about only working 7 hours and 45 minutes a day, what do I do? Hey all, Today, my boss called me into his office and confronted me about the fact that I take a 45 minute lunch when I should only be taking 30 minutes. I work in an engineering office and we can take as long a lunch as we want whenever we want, as long as we are working 8 hours a day. I get in at about 7:30 and leave at 4 everyday, which totals 8 hours and 30 minutes, and each day I take around 45 minutes to eat lunch. So technically I come 15 minutes short everyday. Some ask why I don’t just take an hour lunch like most of my coworkers, but I don’t need a full hour, so why would I want to leave later? I get all my work done on time or early, and I often find myself with no work to do. The whistleblower that told my boss about this is an older lady that can’t get her work done in 8 hours because she’s bad with computers. She was upset that I get to work after her and leave before her. My boss said we would discuss this tomorrow, and I don’t know what to say. Fact is, this whole situation is about office politics. I’m a salaried employee and if I don’t get paid to work overtime, I’m not gonna waste my time when I finish early. How can I tell my boss this without coming off as arrogant or entitled?",6889810.362666845
15uz73k,"Company laid me off suddenly, now wants me back for less pay","I was very suddenly laid from my job 2 days ago. Effective immediately. I worked as a data analyst/applications manager/the-only-person-knowledgeable-about-anything-computer-related for a small healthcare group. The company has relied on COVID funding since it's inception, so naturally the funding has dried up and they're downsizing. They (the CEO) took a look at my salary and decided to cut my position, immediately. I had no time to stop what I knew would inevitably happen. Backend processes and automations started crashing, and they will soon be out of compliance with local, state, and federal regulations (they don't realize this yet, and they won't until they get the notice that they're in breach of contract- which could take a few weeks). The contract they're operating under ends in a few months, so I was expecting to be laid off in a few months anyways, but not like this. 

  
I've been getting panicked texts and emails ever since saying they want to bring be back on part-time, at a substantially lower rate than I was making. No one, not even my boss, knows how to maintain a spreadsheet, let alone the other applications I implemented to keep their business running smoothly. 

From a business perspective, I don't want to take the part-time, less pay offer. It's insulting. From my personal, guilt-ridden perspective, the company provides healthcare to a vulnerable population, and my co-workers, through no fault of their own, will soon lose the ability to care for these patients.

Any advice how to navigate this? 

To note: I don't need the job right now, and was actually relieved to be laid off after working in a COVID-response capacity the past 3 and a half years. Financially, I'll be ok if I don't work for a couple months, so while the paycheck would be nice, I don't *need* it. \*acknowledging my privilege to be in such a position\*

TLDR: I was laid off 2  days ago with no notice. Things started falling apart. No one knows how to fix it, so they want me back - for less pay.",Lotus_2016,3473.0,0.949999988079071,1728.0,1692399553,2023-08-18 17:59:13,careeradvice,https://www.reddit.com/r/careeradvice/comments/15uz73k/company_laid_me_off_suddenly_now_wants_me_back/,8.0,2023.0,"Company laid me off suddenly, now wants me back for less pay I was very suddenly laid from my job 2 days ago. Effective immediately. I worked as a data analyst/applications manager/the-only-person-knowledgeable-about-anything-computer-related for a small healthcare group. The company has relied on COVID funding since it's inception, so naturally the funding has dried up and they're downsizing. They (the CEO) took a look at my salary and decided to cut my position, immediately. I had no time to stop what I knew would inevitably happen. Backend processes and automations started crashing, and they will soon be out of compliance with local, state, and federal regulations (they don't realize this yet, and they won't until they get the notice that they're in breach of contract- which could take a few weeks). The contract they're operating under ends in a few months, so I was expecting to be laid off in a few months anyways, but not like this. I've been getting panicked texts and emails ever since saying they want to bring be back on part-time, at a substantially lower rate than I was making. No one, not even my boss, knows how to maintain a spreadsheet, let alone the other applications I implemented to keep their business running smoothly. From a business perspective, I don't want to take the part-time, less pay offer. It's insulting. From my personal, guilt-ridden perspective, the company provides healthcare to a vulnerable population, and my co-workers, through no fault of their own, will soon lose the ability to care for these patients. Any advice how to navigate this? To note: I don't need the job right now, and was actually relieved to be laid off after working in a COVID-response capacity the past 3 and a half years. Financially, I'll be ok if I don't work for a couple months, so while the paycheck would be nice, I don't *need* it. \*acknowledging my privilege to be in such a position\* TLDR: I was laid off 2 days ago with no notice. Things started falling apart. No one knows how to fix it, so they want me back - for less pay.",5704576.078417003
1612crv,How were you able to land a high salary job of $70k or more?,"So I’m currently  31 years old with a degree in sports management and business management. Since college I have not been able to land a high salary job (65k or more). Thus far I only have work experience in call center sales. To be honest I am bored of those jobs and want a higher paying real career. Currently I’m making 45k a year which is not going to cut it in this economy. I initially applied to go back for a bachelors in Software engineering at WGU and was accepted but I am beginning to have second thoughts because of the job market. 

Any advice is appreciated, I’m just tired of eating mayonnaise sandwiches and cornflakes with water",anthonydp123,1877.0,0.9300000071525574,3169.0,1692977151,2023-08-25 10:25:51,careeradvice,https://www.reddit.com/r/careeradvice/comments/1612crv/how_were_you_able_to_land_a_high_salary_job_of/,8.0,2023.0,"How were you able to land a high salary job of $70k or more? So I’m currently 31 years old with a degree in sports management and business management. Since college I have not been able to land a high salary job (65k or more). Thus far I only have work experience in call center sales. To be honest I am bored of those jobs and want a higher paying real career. Currently I’m making 45k a year which is not going to cut it in this economy. I initially applied to go back for a bachelors in Software engineering at WGU and was accepted but I am beginning to have second thoughts because of the job market. Any advice is appreciated, I’m just tired of eating mayonnaise sandwiches and cornflakes with water",5533583.74255836
16t6242,I talked to a guy with a high level job and he told me that high level jobs are all about being liked by other high level people or knowing people. Is that really true in general?,"There's a guy I talked to who's basically an executive. He told me mainting and getting a high level job is basically just about knowing people and being well liked. Like he said executives generally aren't more talented in any way than the people below them.

Is this true in general?",Ben5544477,2873.0,0.9800000190734864,1055.0,1695776413,2023-09-26 20:00:13,careeradvice,https://www.reddit.com/r/careeradvice/comments/16t6242/i_talked_to_a_guy_with_a_high_level_job_and_he/,9.0,2023.0,I talked to a guy with a high level job and he told me that high level jobs are all about being liked by other high level people or knowing people. Is that really true in general? There's a guy I talked to who's basically an executive. He told me mainting and getting a high level job is basically just about knowing people and being well liked. Like he said executives generally aren't more talented in any way than the people below them. Is this true in general?,2973210.2978668218
1ksn4l0,Women in Trades are a Joke,"I've been trying to get into trades because I believed what people told me, that they needed people. I then proceeded to fumble for work for YEARS with nothing but a couple months of trash picker to my name. I've seen children work in construction positions I hand delivered my resume to. I met a man who didn't even finish highschool who got enough work to move out of my shit town. My little brother is so afraid of spiders, he'll refuse to do tasks at his work if their present. And he has a carpentry job lined up with no experience. 

Fuck anyone who told me trades need women, what a joke.",Stueps,3208.0,0.8799999952316284,745.0,1747908929,2025-05-22 05:15:29,careeradvice,https://www.reddit.com/r/careeradvice/comments/1ksn4l0/women_in_trades_are_a_joke/,5.0,2025.0,"Women in Trades are a Joke I've been trying to get into trades because I believed what people told me, that they needed people. I then proceeded to fumble for work for YEARS with nothing but a couple months of trash picker to my name. I've seen children work in construction positions I hand delivered my resume to. I met a man who didn't even finish highschool who got enough work to move out of my shit town. My little brother is so afraid of spiders, he'll refuse to do tasks at his work if their present. And he has a carpentry job lined up with no experience. Fuck anyone who told me trades need women, what a joke.",2105987.8285884857
15kzvzb,"Those of you under 30 who make six figures, what do you do?","I’m struggling to pick a career path. I am 25 and just started a job as an Assistant Property Manager making 50k. Prior to that I have 6 months of Real Estate Administrative Assistant experience. I am about to start my second year in a Computer Science bachelors program in September and have completed the Google Data Analytics and IT Support certificates. I’m partial to remote work, but I’m open to suggestions in any field.

Those of you under 30 who make 6 figures or more — how old are you, what do you do, what credentials did you acquire, what city or state are you in and how long did it take you to reach that salary? Do you enjoy your work?",bluescluus,966.0,0.8600000143051147,2017.0,1691448735,2023-08-07 17:52:15,careeradvice,https://www.reddit.com/r/careeradvice/comments/15kzvzb/those_of_you_under_30_who_make_six_figures_what/,8.0,2023.0,"Those of you under 30 who make six figures, what do you do? I’m struggling to pick a career path. I am 25 and just started a job as an Assistant Property Manager making 50k. Prior to that I have 6 months of Real Estate Administrative Assistant experience. I am about to start my second year in a Computer Science bachelors program in September and have completed the Google Data Analytics and IT Support certificates. I’m partial to remote work, but I’m open to suggestions in any field. Those of you under 30 who make 6 figures or more — how old are you, what do you do, what credentials did you acquire, what city or state are you in and how long did it take you to reach that salary? Do you enjoy your work?",1676473.707886219
1ft8on8,Was offered a 60 day PIP or 32 weeks severance. ,"I'm 5 weeks pregnant. The pip is doable but i don't feel like I'll be able to climb out from under their magnifying glass afterward. Being offered 32 weeks severance pay (4 weeks for each year served). The benefit would run out the week before i am due.

Should i take it and pray i can regain employment asap before i have to declare Im pregnant? Current job offers 12 weeks paid maternity leave but im not confident they wouldn't axe me before then, during or after the pip. 

I’m very mentally checked out of this job and ready to move on but i am the breadwinner and we cannot make it off one income. 32 weeks pay is incredible but I’m not sure what to do considering my circumstances and if sticking it out would be a better choice.",Necessary_Shit,1496.0,0.959999978542328,1117.0,1727735642,2024-09-30 17:34:02,careeradvice,https://www.reddit.com/r/careeradvice/comments/1ft8on8/was_offered_a_60_day_pip_or_32_weeks_severance/,9.0,2024.0,"Was offered a 60 day PIP or 32 weeks severance. I'm 5 weeks pregnant. The pip is doable but i don't feel like I'll be able to climb out from under their magnifying glass afterward. Being offered 32 weeks severance pay (4 weeks for each year served). The benefit would run out the week before i am due. Should i take it and pray i can regain employment asap before i have to declare Im pregnant? Current job offers 12 weeks paid maternity leave but im not confident they wouldn't axe me before then, during or after the pip. I’m very mentally checked out of this job and ready to move on but i am the breadwinner and we cannot make it off one income. 32 weeks pay is incredible but I’m not sure what to do considering my circumstances and if sticking it out would be a better choice.",1605626.8441114428
1kui1yn,In white collar being likable is 90% of the work,"Sounds crazy, but it’s very true. Alot of people on Reddit struggle in their job fields because they’re probably always online and don’t have good social skills.",Amazondriver23,4549.0,0.9700000286102296,250.0,1748110412,2025-05-24 13:13:32,careeradvice,https://www.reddit.com/r/careeradvice/comments/1kui1yn/in_white_collar_being_likable_is_90_of_the_work/,5.0,2025.0,"In white collar being likable is 90% of the work Sounds crazy, but it’s very true. Alot of people on Reddit struggle in their job fields because they’re probably always online and don’t have good social skills.",1107545.0626671317
1fjvizk,"Update: Boss had a passing comment ""I need more from your position to justify the pay"". I landed a new job yesteday, and with great timing, my boss blows up my phone with unprofessional texts (unrelated to new job).","Yesterday, I landed a new job and was planning on turning my two-week notice. This morning I got a series of texts claiming I have not been getting the ball rolling. So instead, I decided to quit.

Good morning to the team at \[redacted\].

Unfortunately, today is my last day working at \[redacted\]. While it was a pleasure to assist you in your CAD and Permitting needs, I have found the work environment here not satisfying my needs. The late-night texts, after hour calls, missing paydays, the unfound claims that I am “not getting the ball rolling” on our open projects are some of the contributing factors to my decision.

Also, the comment “I need more from your position to justify the pay” is a comment that has caused more anxiety than missing a deadline, quitting a job, being berated. I believe there are better ways to set expectations for your employees than to devalue them as an asset of the company.

Additionally, there are multiple occasions where I have not received full payment during paychecks, and multiple occasions of my mileage not being reimbursed. Both of which are incredibly unprofessional. Now, I do not mean to aim these comments towards anyone other than Jason. Everyone else I have interacted with has been nothing but a delight.

 

Best wishes, and genuinely hoping for your success,

\[Cpt Mookie\]",cptmookie,8448.0,0.949999988079071,136.0,1726673097,2024-09-18 10:24:57,careeradvice,https://www.reddit.com/r/careeradvice/comments/1fjvizk/update_boss_had_a_passing_comment_i_need_more/,9.0,2024.0,"Update: Boss had a passing comment ""I need more from your position to justify the pay"". I landed a new job yesteday, and with great timing, my boss blows up my phone with unprofessional texts (unrelated to new job). Yesterday, I landed a new job and was planning on turning my two-week notice. This morning I got a series of texts claiming I have not been getting the ball rolling. So instead, I decided to quit. Good morning to the team at \[redacted\]. Unfortunately, today is my last day working at \[redacted\]. While it was a pleasure to assist you in your CAD and Permitting needs, I have found the work environment here not satisfying my needs. The late-night texts, after hour calls, missing paydays, the unfound claims that I am “not getting the ball rolling” on our open projects are some of the contributing factors to my decision. Also, the comment “I need more from your position to justify the pay” is a comment that has caused more anxiety than missing a deadline, quitting a job, being berated. I believe there are better ways to set expectations for your employees than to devalue them as an asset of the company. Additionally, there are multiple occasions where I have not received full payment during paychecks, and multiple occasions of my mileage not being reimbursed. Both of which are incredibly unprofessional. Now, I do not mean to aim these comments towards anyone other than Jason. Everyone else I have interacted with has been nothing but a delight. Best wishes, and genuinely hoping for your success, \[Cpt Mookie\]",1099507.186203003
1mks8mi,Boss said that I have to work 2 extra hours for free everyday because that’s how it supposed to be.,"My schedule as a supervisor is from 6AM till 2:30PM. Yesterday, my boss said that I should work from 6AM till 4PM because I am a supervisor and I have to put the hours. Insane, right? Our production ends at 2:30PM and everyone is gone at that time so I asked him what I should do on those hours? He said that I should come up with ways to improve workflow. But the schedule should be like that always.

He also said that if I don’t like it I should quit. Which it made me said “woah”.

I want to apply for another job, should I update my resume with the current? I just don’t want to be seem as a job hopper.",EmergencyGreen3012,1272.0,0.9100000262260436,829.0,1754651179,2025-08-08 06:06:19,careeradvice,https://www.reddit.com/r/careeradvice/comments/1mks8mi/boss_said_that_i_have_to_work_2_extra_hours_for/,8.0,2025.0,"Boss said that I have to work 2 extra hours for free everyday because that’s how it supposed to be. My schedule as a supervisor is from 6AM till 2:30PM. Yesterday, my boss said that I should work from 6AM till 4PM because I am a supervisor and I have to put the hours. Insane, right? Our production ends at 2:30PM and everyone is gone at that time so I asked him what I should do on those hours? He said that I should come up with ways to improve workflow. But the schedule should be like that always. He also said that if I don’t like it I should quit. Which it made me said “woah”. I want to apply for another job, should I update my resume with the current? I just don’t want to be seem as a job hopper.",960741.6276884077
1mqczdp,Welp!  I just blew up my 15-year career and told my boss I want to quit.,"The economy is crap, I am living paycheck-to-paycheck, and had an impulse that I just can’t do this anymore and sent my boss a Teams message.  She’s asking me to talk to her first,  but we all know how that’s gonna go.   Here’s to the future of living in my car with 2 cats.

How/What do you do after 15 years in the same jobs when you are in your mid-40s and you just blow everything up?",haremgirl6,2556.0,0.949999988079071,384.0,1755204979,2025-08-14 15:56:19,careeradvice,https://www.reddit.com/r/careeradvice/comments/1mqczdp/welp_i_just_blew_up_my_15year_career_and_told_my/,8.0,2025.0,"Welp! I just blew up my 15-year career and told my boss I want to quit. The economy is crap, I am living paycheck-to-paycheck, and had an impulse that I just can’t do this anymore and sent my boss a Teams message. She’s asking me to talk to her first, but we all know how that’s gonna go. Here’s to the future of living in my car with 2 cats. How/What do you do after 15 years in the same jobs when you are in your mid-40s and you just blow everything up?",934856.9882690907
1hq5nbr,My boss keeps saying I made a 180 since I stopped trying so hard at work and I don’t really know what to make of it. ,"A few months ago I asked for a raise, got told yes but I had to get a promotion with a title change before I can get the salary I wanted. About a month and two interviews later I was told they were going with another person and that I was getting a raise but not as much as I wanted since I didn’t get the promotion. The whole time my boss kept saying the interviews were just for show and the position was guaranteed mine. This upset me a lot since during that time I was working my ass off, so I decided I’d do my job no better than needed after that. Since then I’ve racked up a screen time of about 7 hours a day of YouTube while maintaining my quota. I get absolutely ripped as hell at work now too and my boss just keeps telling me it’s incredible how much I’ve turned myself around. It’s actually hilarious but also kind of insulting. But mostly it’s just confusing since everything I thought would get me promoted worked against me. I’m not even doing anything differently just doing less so I don’t finish early and wind up helping other people. I’m actively a far worse employee yet he’s offered me a promotion which I declined because my friend who got me the job deserves it more and I’m not interested in a manger position. 

TLDR; since I started getting super baked and doing just my quota my boss has told me Im much better and even offered a promotion. It’s confusing as shit.",calliopewoman,3554.0,0.9800000190734864,252.0,1735615751,2024-12-30 21:29:11,careeradvice,https://www.reddit.com/r/careeradvice/comments/1hq5nbr/my_boss_keeps_saying_i_made_a_180_since_i_stopped/,12.0,2024.0,"My boss keeps saying I made a 180 since I stopped trying so hard at work and I don’t really know what to make of it. A few months ago I asked for a raise, got told yes but I had to get a promotion with a title change before I can get the salary I wanted. About a month and two interviews later I was told they were going with another person and that I was getting a raise but not as much as I wanted since I didn’t get the promotion. The whole time my boss kept saying the interviews were just for show and the position was guaranteed mine. This upset me a lot since during that time I was working my ass off, so I decided I’d do my job no better than needed after that. Since then I’ve racked up a screen time of about 7 hours a day of YouTube while maintaining my quota. I get absolutely ripped as hell at work now too and my boss just keeps telling me it’s incredible how much I’ve turned myself around. It’s actually hilarious but also kind of insulting. But mostly it’s just confusing since everything I thought would get me promoted worked against me. I’m not even doing anything differently just doing less so I don’t finish early and wind up helping other people. I’m actively a far worse employee yet he’s offered me a promotion which I declined because my friend who got me the job deserves it more and I’m not interested in a manger position. TLDR; since I started getting super baked and doing just my quota my boss has told me Im much better and even offered a promotion. It’s confusing as shit.",881178.7771501542
1m2jtud,Coldplay Couple,"It’s not hard to imagine the disaster at www.astronomer.io today.

Aside from obviously having to fire both the CEO and CPO, there were others from the company present at the concert, and apparently their affair was an open secret inside the firm.

If you’re Bain Capital or any of the other investors, you clean house entirely.

The lesson is the timeless “don’t dip your pen in the company ink”.

This one will cost children their nice stable affluent families, employees their jobs, and potentially investors their capital.

And everyone involved deserves every ounce of the humiliation they are getting today.",Bodega_Cat_86,2277.0,0.9399999976158142,358.0,1752787452,2025-07-17 16:24:12,careeradvice,https://www.reddit.com/r/careeradvice/comments/1m2jtud/coldplay_couple/,7.0,2025.0,"Coldplay Couple It’s not hard to imagine the disaster at today. Aside from obviously having to fire both the CEO and CPO, there were others from the company present at the concert, and apparently their affair was an open secret inside the firm. If you’re Bain Capital or any of the other investors, you clean house entirely. The lesson is the timeless “don’t dip your pen in the company ink”. This one will cost children their nice stable affluent families, employees their jobs, and potentially investors their capital. And everyone involved deserves every ounce of the humiliation they are getting today.",768396.418051064
1eplyba,A doctor who wants to resign ,"I am a female Primary care physician who has been in practice for 10 years. I have been in my current job for eight years. I'm very successful and make close to 600K. However, my workplace is very toxic. Our office manager makes life miserable for a lot of us. Our Staff leave in a blink of an eye because of her. She constantly writes me up for small/stupid things. Our Corporate and HR knows, but since she has an aggressive cancer they fail to transfer or change her.
I have offered them to transfer me to another location, but since I have a large patient population here they don't want to. They will lose a lot of money.  The leaders want me to stay, but I'm done and I want to move on. This place has brought me anxiety and self doubts. I have to watch all my moves and what to say constantly. I am a good clinician and 95% of patients really like me. I'm one of their most successful physicians among 250 doctors that this corporate has. However, I can't take this feeling anymore.

I want to look for a different job and resign. But,I'm gonna lose a lot of money and patients if I leave and have to start from scratch which can lead to  a mental breakdown. 
Please advise , anyone with a similar situation?",Naive-Employee6334,1329.0,0.9300000071525574,564.0,1723386169,2024-08-11 09:22:49,careeradvice,https://www.reddit.com/r/careeradvice/comments/1eplyba/a_doctor_who_wants_to_resign/,8.0,2024.0,"A doctor who wants to resign I am a female Primary care physician who has been in practice for 10 years. I have been in my current job for eight years. I'm very successful and make close to 600K. However, my workplace is very toxic. Our office manager makes life miserable for a lot of us. Our Staff leave in a blink of an eye because of her. She constantly writes me up for small/stupid things. Our Corporate and HR knows, but since she has an aggressive cancer they fail to transfer or change her. I have offered them to transfer me to another location, but since I have a large patient population here they don't want to. They will lose a lot of money. The leaders want me to stay, but I'm done and I want to move on. This place has brought me anxiety and self doubts. I have to watch all my moves and what to say constantly. I am a good clinician and 95% of patients really like me. I'm one of their most successful physicians among 250 doctors that this corporate has. However, I can't take this feeling anymore. I want to look for a different job and resign. But,I'm gonna lose a lot of money and patients if I leave and have to start from scratch which can lead to a mental breakdown. Please advise , anyone with a similar situation?",698323.055370748
1g8mltl,I just got fired from my dream job while on vacation. How do I handle this?,"I’m on vacation after working for 7 days a week over the last 4 months. I desperately needed the break. Then, out of nowhere, I get an email with the subject line: Employment Status. I open it, and my stomach just drops. I’ve been terminated. Over email. One week into my 2 week long vacation.

I immediately call my boss, hoping this is some mistake. Spoiler: it’s not. She tells me this is some corporate way of “getting the truth out of people.” I wasn’t hiding anything! She just didn’t believe me or bother investigating further before sending a random termination email while I’m on vacation.

Here’s what started all of this: On Wednesday, October 9th, I covered a shift that wasn’t mine. When I was leaving, I noticed I hadn’t been clocked in. Normally, I’d text my co worker to fix it, but this time I used my company laptop to adjust it myself.

The next day, my boss asked me how I made the edit. I told her the truth—I did it. She asked more questions, but I didn’t think I did anything wrong. I worked those hours, so I edited the time. I assumed if she had a real issue, we’d have a conversation in person, not just text.

Fast forward 10 days—I’m across the country, enjoying vacation—and she changes all the company passwords. That freaked me out even before I saw the termination email. And that’s how I found out: via email. Fired.

Panicking, I called her immediately. Thankfully, she answered. I was barely holding it together and basically begged, “what’s going on? Why did you fire me?” She says that the way I edited the clock made her lose trust in me. Apparently, she thought I’d logged out of my account to log into someone else’s. I explained that I had used both my phone and my company laptop, which had automatically logged me into Montana’s account (not my own) without me realizing it.

Once I explained this, she seemed relieved. She even told me, “It makes sense. I still want you to work for me for years to come!” I thought it was resolved.

Then—30 minutes later—she calls me again. This time, she says she talked to her husband, co owner, and he still wants me gone. She says there’s nothing she can do and tells me I’ll “do great in life” and offers to write me a recommendation. Cool, right?

Here’s the kicker, I’ve been working for $15 an hour for the past four months, even though I was doing way more than my original front desk job. I took on the role of marketing, social media, and community outreach on top of front desk. No pay increase, no nothing. They promised we’d discuss my salary after I got back from vacation, so I believed them. But I guess they never planned to have that conversation.

What makes it even harder is that I’ve never been punished at this job—only praised. It gave me a false sense of appreciation, which is probably why I kept working for such a low rate.

This whole thing has sent me spiraling into self-doubt and confusion. I was so wrapped up in their lives—nannying their neighbor’s kids, working at her friend’s boutique, getting invited over for dinner—and they fired me over email, while I was on vacation. I just can’t understand how people can treat someone like that.",Itsabonesday,1090.0,0.8199999928474426,778.0,1729507288,2024-10-21 05:41:28,careeradvice,https://www.reddit.com/r/careeradvice/comments/1g8mltl/i_just_got_fired_from_my_dream_job_while_on/,10.0,2024.0,"I just got fired from my dream job while on vacation. How do I handle this? I’m on vacation after working for 7 days a week over the last 4 months. I desperately needed the break. Then, out of nowhere, I get an email with the subject line: Employment Status. I open it, and my stomach just drops. I’ve been terminated. Over email. One week into my 2 week long vacation. I immediately call my boss, hoping this is some mistake. Spoiler: it’s not. She tells me this is some corporate way of “getting the truth out of people.” I wasn’t hiding anything! She just didn’t believe me or bother investigating further before sending a random termination email while I’m on vacation. Here’s what started all of this: On Wednesday, October 9th, I covered a shift that wasn’t mine. When I was leaving, I noticed I hadn’t been clocked in. Normally, I’d text my co worker to fix it, but this time I used my company laptop to adjust it myself. The next day, my boss asked me how I made the edit. I told her the truth—I did it. She asked more questions, but I didn’t think I did anything wrong. I worked those hours, so I edited the time. I assumed if she had a real issue, we’d have a conversation in person, not just text. Fast forward 10 days—I’m across the country, enjoying vacation—and she changes all the company passwords. That freaked me out even before I saw the termination email. And that’s how I found out: via email. Fired. Panicking, I called her immediately. Thankfully, she answered. I was barely holding it together and basically begged, “what’s going on? Why did you fire me?” She says that the way I edited the clock made her lose trust in me. Apparently, she thought I’d logged out of my account to log into someone else’s. I explained that I had used both my phone and my company laptop, which had automatically logged me into Montana’s account (not my own) without me realizing it. Once I explained this, she seemed relieved. She even told me, “It makes sense. I still want you to work for me for years to come!” I thought it was resolved. Then—30 minutes later—she calls me again. This time, she says she talked to her husband, co owner, and he still wants me gone. She says there’s nothing she can do and tells me I’ll “do great in life” and offers to write me a recommendation. Cool, right? Here’s the kicker, I’ve been working for $15 an hour for the past four months, even though I was doing way more than my original front desk job. I took on the role of marketing, social media, and community outreach on top of front desk. No pay increase, no nothing. They promised we’d discuss my salary after I got back from vacation, so I believed them. But I guess they never planned to have that conversation. What makes it even harder is that I’ve never been punished at this job—only praised. It gave me a false sense of appreciation, which is probably why I kept working for such a low rate. This whole thing has sent me spiraling into self-doubt and confusion. I was so wrapped up in their lives—nannying their neighbor’s kids, working at her friend’s boutique, getting invited over for dinner—and they fired me over email, while I was on vacation. I just can’t understand how people can treat someone like that.",696270.193926692
